{"Normal fidelity: ": [0.9997210660047412, [0.9998543364037349, 0.9998821735050655, 0.9997699477411839, 0.9995428894569398, 0.9996916724925737, 0.99934369947315, 0.9997957940102943, 0.9998431522249553, 0.9995892815194508, 0.999757000513062, 0.99984351644426, 0.9995901463431324, 0.9996982623755968, 0.9998105948316333, 0.9997591390398706, 0.999755345257415, 0.9998378275031893, 0.9998197793991386, 0.9996965974503861, 0.9998570628382591, 0.9997324187679278, 0.9999194490960596, 0.9995417428608044, 0.9996620241469611, 0.9998009140055699, 0.9997434750575291, 0.9998110163848765, 0.9998832616842181, 0.9998498360916506, 0.9995598072172567, 0.9998065998604845, 0.9995377169425754, 0.999849391698342, 0.9997040920078918, 0.9998671176936424, 0.9996682597526209, 0.9995551592654031, 0.9998028689408561, 0.9996645231687559, 0.9997864965015285, 0.9997931554217127, 0.9998343798030942, 0.9999031970062539, 0.9996306675820024, 0.9996371858282844, 0.9996839456803386, 0.9998308225869788, 0.9997981292806523, 0.9996274173280754, 0.999627482629944, 0.999588938833431, 0.9997559198187098, 0.9997602812393374, 0.9998591478046627, 0.9995476272413484, 0.999643161981046, 0.9996084909716471, 0.9997412991950737, 0.9997094084530063, 0.99955886894076, 0.9996516925460492, 0.99971991249574, 0.9997213178746626, 0.9996775948623061, 0.9997438673179253, 0.9993622887280086, 0.9997014939367626, 0.9995311654345995, 0.999762069538925, 0.9998277496388195, 0.999675181577973, 0.999801437203073, 0.9998386337109196, 0.9996151359429934, 0.9997985967950653, 0.9998719197921649, 0.9996593152271053, 0.9993884790317891, 0.9998732754085304, 0.9997910642886931, 0.9997698821629113, 0.999763397530497, 0.9998422890673078, 0.9995139692327035, 0.9998282451284229, 0.9996442267432746, 0.9997604114954238, 0.9997523538210817, 0.9998126540674216, 0.9998663678511791, 0.9997438996741639, 0.9996430410038781, 0.9996809309927976, 0.9996764072095545, 0.9998463930116082, 0.9995244197424412, 0.9998385607190162, 0.9996814174535786, 0.9996742640896776, 0.9996073605304779]], "Abnormal fidelity: ": [0.3152023622474088, [0.31110860487200226, 0.17140284364911493, 0.36475979763837824, 0.38656284302474253, 0.3052059610854442, 0.3671659681578084, 0.13535499259011033, 0.3757493876046234, 0.32809634980520214, 0.3278073513488855, 0.36941728295678705, 0.3179354768579313, 0.3733145382043315, 0.3399963612365478, 0.20518033073459196, 0.32511985106837143, 0.38062570694242864, 0.3276436400754607, 0.1479135308499836, 0.30851287483266976, 0.3733654488921948, 0.30244695139655686, 0.35017370271648945, 0.3146703596343752, 0.3428445131883473, 0.392306275803622, 0.3622424478582206, 0.2577695857662198, 0.37467177434851656, 0.321111158707122, 0.39178017970286094, 0.2809285506304074, 0.3481270319457253, 0.35686467462299354, 0.38183554706192796, 0.3212501490127187, 0.2752447162738436, 0.28503501660414443, 0.39835443081264, 0.29040637409018083, 0.38262314409755205, 0.3172706184643295, 0.25875562698057, 0.3254334501354149, 0.2520593786483302, 0.33914276776476276, 0.31141783401103845, 0.26781973746982046, 0.354357094829239, 0.11281134781555593, 0.34587656538704376, 0.37114865717428386, 0.3965861113588584, 0.3035499280042731, 0.33591441622717355, 0.3677555982609576, 0.2965555927421392, 0.34003492500062904, 0.32051767806219833, 0.3934764348770726, 0.37445544161422073, 0.3894577984883559, 0.3057291647164906, 0.2854855071207699, 0.3615999519982034, 0.24744369410867528, 0.3004014840817553, 0.2821609202152145, 0.39994504675208326, 0.3445707693589413, 0.3634177613519963, 0.3312092796222417, 0.3063269303821634, 0.1685435783134732, 0.31698277257208884, 0.39480780786994796, 0.3718950020139575, 0.3021438959238862, 0.30870015981062243, 0.2998430774194263, 0.3801953236262544, 0.32660341909864316, 0.3744101859512206, 0.36252818298422024, 0.2849334164749231, 0.28199173773880404, 0.25598422701082657, 0.28502844793811344, 0.3154922970835344, 0.27478015585228, 0.3986208548572493, 0.3665155241860943, 0.3377683884611795, 0.2969322861872649, 0.1994339250928768, 0.3559540401183071, 0.38607404079821833, 0.3695359129545127, 0.30922196243575345, 0.3761875743289941, 0.3671659312442496, 0.38740880009168, 0.21282034195622282, 0.3791706656355808, 0.12642345780208508, 0.3612986180899806, 0.3606302060849077, 0.36268981970643493, 0.33619316508739416, 0.39176160796238996, 0.32750207352405625, 0.38053225932306667, 0.31999510332280057, 0.2714643361789488, 0.2431667905246823, 0.3903617399739101, 0.36663021836101456, 0.26726211296167357, 0.3767527626658333, 0.3748289157801249, 0.344213056235953, 0.38581949250551384, 0.3220986241743009, 0.3452194097087831, 0.31315597601444034, 0.1930090727410532, 0.2306106473642996, 0.30256350794360953, 0.33004319047799746, 0.22968267698364953, 0.38798528995955744, 0.35628621551438927, 0.20953532724124785, 0.3150336374431024, 0.2907707694507844, 0.3032727998843558, 0.3504036480031119, 0.2630313368240937, 0.3053199834213362, 0.3068802517128291, 0.2518662753823317, 0.2494675720099959, 0.24926867180539983, 0.3686827153058613, 0.3502855730922197, 0.38644877210975687, 0.3249575721995245, 0.37325729806664765, 0.33407981692241645, 0.39403215292496185, 0.39899824280340146, 0.3916244956626898, 0.17295829873275342, 0.2571188900029936, 0.3701314215664179, 0.30379958860218703, 0.21106593275352475, 0.33119735204628087, 0.38702044429035387, 0.10674138571937103, 0.2957491227624236, 0.3777113464975194, 0.1522458336299275, 0.3989833271901388, 0.23863547447970837, 0.28922793602684427, 0.21516641265506922, 0.3743096970920598, 0.25696263175656797, 0.3875864201496402, 0.15275440370030655, 0.2867916836772208, 0.28098563472422944, 0.24881627380050145, 0.3801457994260663, 0.32327445195949095, 0.2880912462531589, 0.3751564838753727, 0.17339651300988976, 0.38238939930686744, 0.24689186566652524, 0.2959535755544596, 0.3868759755755183, 0.3747909410740709, 0.3114084683803093, 0.2874458858129761, 0.266938641475302, 0.3015846776465683, 0.1862859425829794, 0.13801529478435273, 0.34325903189886214, 0.37077584793005447, 0.39637057819257276, 0.30376951389009405, 0.3086064434862584, 0.390069458909528, 0.13000532201188528, 0.26192360373684676, 0.31043403765905114, 0.2824561952604989, 0.26647872395092703, 0.23879420403008847, 0.21827811460468682, 0.2799914012104806, 0.3938325474599259, 0.3432690588807874, 0.26139679360630275, 0.32689121517726166, 0.35974472005566677, 0.39387472722118433, 0.3704583619697654, 0.3338766162867793, 0.35527017440570313, 0.2708800535391586, 0.24907807899416917, 0.3969037894152654, 0.36265014228767306, 0.3579511917739056, 0.3134676474773679, 0.3929798115877421, 0.2900387927567325, 0.37154786759302627, 0.27295587803931726, 0.28556638502310827, 0.21003199290458544, 0.20743278089108072, 0.2563366457587601, 0.29152967872078117, 0.33611747603434916, 0.19938280995693575, 0.32267995868993055, 0.3616771709652692, 0.31939247150564454, 0.39522594939397615, 0.29562785063947117, 0.33844222134853685, 0.32150178672213314, 0.3410493697309632, 0.3484603285944823, 0.3278532345495535, 0.21437493686762937, 0.15955212219092388, 0.3712439185271121, 0.3986060265837618, 0.34076529763596847, 0.33808439421031367, 0.21768830919249268, 0.3147786853693534, 0.3757114294690636, 0.17714651625078562, 0.32285340551855385, 0.3812215629792617, 0.3423369716274405, 0.38313292604224103, 0.24558073153314416, 0.22275663425565612, 0.2884605992694777, 0.37493202378552665, 0.3277698368045382, 0.32248129999959935, 0.3485510731502272, 0.38655566161639227, 0.3066902564849908, 0.32313693932532467, 0.35321840818038797, 0.36148601111394707, 0.27075548900848984, 0.2833139172023138, 0.3397648162977309, 0.35051758326719257, 0.3551944454249632, 0.23734451535991416, 0.2524506045363999, 0.32697844154924205, 0.33987368403431595, 0.26149404216129957, 0.3295136367452513, 0.39079151544528096, 0.36251953534136855, 0.31796361268478784, 0.3491093606652369, 0.39048781009608585]],