{"Normal fidelity: ": [0.9994973660419487, [0.9995499840213157, 0.9994794631609782, 0.9993675158765288, 0.9996994898999486, 0.9995095460413118, 0.9995204361413244, 0.99971258919489, 0.9994195228817064, 0.9994681801912213, 0.9997827641804923, 0.999487170738216, 0.9995479959542491, 0.9995619463450438, 0.9993602073366201, 0.9997603072768602, 0.9996378932498841, 0.9995938672331438, 0.9990092072332686, 0.9997256238016196, 0.9994384537197737, 0.999499914020613, 0.9994773393988117, 0.9994392688379891, 0.9992176497890958, 0.9994011483598668, 0.9992773758825981, 0.999691504067421, 0.999499451071315, 0.9997023643503545, 0.9995895085110947, 0.9992917912139977, 0.9993204577637472, 0.9994433021161274, 0.9997465119565072, 0.9996534974934612, 0.99930114517118, 0.9996200928939328, 0.9996867946788416, 0.9996081569524016, 0.9996032499236577, 0.9995822002056591, 0.9991528180999073, 0.9992263816839311, 0.9995737268762289, 0.9993558449439985, 0.9994743407361794, 0.9995347790725021, 0.9997423642104399, 0.9994634649352506, 0.9996798749438024, 0.9993364708558008, 0.9994116521339386, 0.9996334174253055, 0.9996592805321325, 0.9994811419305394, 0.9993662561783834, 0.9997246131975527, 0.9994442399433165, 0.9996420003007839, 0.9995274755373345, 0.9992974486356405, 0.9996328030008895, 0.9996697476370621, 0.9992825348944472, 0.999470840094939, 0.9993560780665867, 0.9996869702623539, 0.9995638360223679, 0.9996849356810698, 0.9994548140609489, 0.9994103184726321, 0.9992302040693212, 0.9995474807029484, 0.9993342398112808, 0.9995050190463997, 0.9995479080443315, 0.9995116564550329, 0.9994654336557118, 0.9996155902457188, 0.9997617292998366, 0.9996077921932908, 0.999435098075727, 0.9995258865115181, 0.9995241489385627, 0.999677858224846, 0.9991108865469375, 0.9996837113923251, 0.9993359461279294, 0.9993953472337316, 0.999704904437853, 0.9993433346863815, 0.9993630317355865, 0.9993937578998332, 0.9994738524588119, 0.9992610341624826, 0.9992445912899811, 0.9996255873672909, 0.9995590086381233, 0.9994552627568845, 0.9992709426828617]], "Abnormal fidelity: ": [0.14428718858316197, [0.16781918116603747, 0.12513393705032372, 0.10236861108716035, 0.07656895971406982, 0.12773506250161992, 0.18976976137830193, 0.14283683114937892, 0.09517208917689611, 0.11624440992038307, 0.08913736615134077, 0.17628995301966377, 0.1044379847089538, 0.1816044669680554, 0.15928157923952235, 0.16359653516004774, 0.16255734539148245, 0.19230014929170772, 0.09468233741818127, 0.14210829849523834, 0.1529451728104559, 0.0779890737794122, 0.11457283540012075, 0.17514600548242196, 0.1901055865980544, 0.11584487961665138, 0.12738402292167592, 0.19911874704412244, 0.16477750395973734, 0.14575951712769442, 0.10498382040385275, 0.1083031357671527, 0.1464345469423065, 0.14682307400537398, 0.1897962902379264, 0.1497183883410512, 0.17925832073860454, 0.17131141394390922, 0.11578590175718924, 0.13283007077871634, 0.06210298669578615, 0.10769390462561547, 0.19595708335571557, 0.15832974311702977, 0.102719672336228, 0.14060967568942895, 0.19611770335651138, 0.1858675810093985, 0.1853617026792727, 0.1861827222067218, 0.12515778231826705, 0.132387169865616, 0.13210545469524182, 0.18477987793963216, 0.11405672031942171, 0.1841324542772119, 0.14069095354759564, 0.19012763072127004, 0.09446132217229017, 0.1166581789812476, 0.17079936772935214, 0.171031437162779, 0.18695824168208755, 0.1351443446910744, 0.1326602268223055, 0.12818055528311328, 0.1478284786770964, 0.08641040289011812, 0.17993021554012376, 0.145495374953734, 0.13164504139046973, 0.19108272122916994, 0.10082743276586316, 0.04978898817614501, 0.11873635653359943, 0.18241796277086142, 0.08602930873694253, 0.1456749316215475, 0.1573918643774804, 0.07910042804706198, 0.18854210643661887, 0.10546912325180029, 0.1071237410020651, 0.07704661746032627, 0.13070874393723764, 0.10060346500108733, 0.07141564797153417, 0.11839737930708281, 0.1893596913511411, 0.16808717616818225, 0.09082833063169485, 0.11249004218431276, 0.0914800965360321, 0.14604235481996514, 0.18977202483973457, 0.13457746707943274, 0.101289581087328, 0.1852152542766594, 0.15094181363544157, 0.19820970178508382, 0.16271062090605173, 0.19951781590570372, 0.1492148957427766, 0.11062013210005849, 0.19166424084527675, 0.1753814862316273, 0.17595357531658815, 0.19742219148881265, 0.18435568466121463, 0.16528998195716385, 0.1832707142026446, 0.12498129403509455, 0.08681664527802176, 0.08952537907926802, 0.15170363015629565, 0.15510997723268374, 0.16565078789696344, 0.12332559651623107, 0.1829289840140139, 0.19705133768094021, 0.12886778333787205, 0.13604977644552665, 0.17921394840416582, 0.17041652990059838, 0.14805957396955355, 0.17459124287077127, 0.15303253836108696, 0.13220564973364046, 0.14306080351382652, 0.14791444902591852, 0.14222977071562998, 0.15035429326577432, 0.1524205199418422, 0.0813723619607925, 0.13930869954953284, 0.16289203390892834, 0.13669068954212107, 0.1772292979769906, 0.1555659651568125, 0.19602806115653604, 0.11310074581926131, 0.16954143229621194, 0.10497901993750912, 0.13162531971064337, 0.17793292549451734, 0.09296340085648634, 0.18570809307091038, 0.16602882006193415, 0.17511245210599158, 0.12446613002845866, 0.16062816279751646, 0.11535456523677441, 0.1074282407829962, 0.1425731727351508, 0.10568557228228186, 0.13028891747376195, 0.1951661004762169, 0.17960013610640488, 0.1883600273615612, 0.06842175662161096, 0.17483068392786313, 0.16966424346503176, 0.08281659651495349, 0.17864281115948988, 0.12390632408370926, 0.12132437238183925, 0.10567591223183193, 0.054348480218711054, 0.19528629258785093, 0.18816637508667564, 0.1187179562653781, 0.1861137895278875, 0.1400757989121328, 0.1665821458134122, 0.16204294252760784, 0.14436098671236675, 0.09370262508148033, 0.14069537381606353, 0.12284174029947673, 0.12340958227738523, 0.13580588861427892, 0.17646530448813633, 0.11986589487141389, 0.15758390520265234, 0.19278412001686637, 0.19023282848279177, 0.15119786477133104, 0.17824062859262224, 0.18856032390238786, 0.1527138096269598, 0.11792930875043982, 0.17423890492575253, 0.08507782895644593, 0.1941272322729532, 0.1906293048013132, 0.10950993117383821, 0.15821895847525183, 0.18989766229278882, 0.07359204494818368, 0.13390531170388414, 0.15502258038968064, 0.13737995583582369, 0.16680939404856857, 0.05762696824074268, 0.1104872971584269, 0.13507530629790512, 0.18792432923065774, 0.1850972987435724, 0.14177524645722495, 0.16131047007727883]], "Normal score: ": [0.9993620480981023, [0.9995685452311867, 0.9993498869779693, 0.9995713205647916, 0.9993691160387584, 0.9997525498259419, 0.9994719129017142, 0.999566896060136, 0.9985359057399025, 0.9996436121487312, 0.9992168634450214, 0.9989755194317944, 0.9994523448646631, 0.999077951661854, 0.9990361881357643, 0.9991742076473544, 0.9992454517846933, 0.9997210103705214, 0.9994497283351002, 0.9996906708579469, 0.9993187671844075, 0.9987719682503351, 0.9989177428847071, 0.9992107730340677, 0.9996851013172918, 0.9996641039804786, 0.9991300249303744, 0.9994163344973634, 0.9997954410768851, 0.9995615469727739, 0.9996759288260635, 0.9991808165763804, 0.9988986830431333, 0.9992821124699467, 0.9993532968367779, 0.9992854826921285, 0.9996802590800817, 0.9991372342373122, 0.9997582917855106, 0.9991833292821495, 0.9997050029420778]],