{"noise_mean": 0.7000000000000078, "noise_var": 0.21000000000000468, "denoise_mean": 0.718842079210738, "denoise_var": 0.20095250314220778}