{"noise_mean": 0.4400000000000049, "noise_var": 0.24640000000000548, "denoise_mean": 0.4604638368636565, "denoise_var": 0.2471852353323113}