{"noise_mean": 0.3200000000000036, "noise_var": 0.21760000000000487, "denoise_mean": 0.3612998417743041, "denoise_var": 0.22189775590228364}