{"noise_mean": 0.2600000000000029, "noise_var": 0.19240000000000432, "denoise_mean": 0.31999968872100876, "denoise_var": 0.21759957371044047}