{"noise_mean": 0.10000000000000149, "noise_var": 0.09000000000000201, "denoise_mean": 2.9960111585627373e-05, "denoise_var": 3.097907521183521e-09}