{"noise_mean": 0.6400000000000062, "noise_var": 0.23040000000000407, "denoise_mean": 0.8035476637843848, "denoise_var": 0.14167121681387268}