{"noise_mean": 0.42000000000000404, "noise_var": 0.2436000000000044, "denoise_mean": 0.788061285406382, "denoise_var": 0.1487030859546386}