{"noise_mean": 0.3800000000000036, "noise_var": 0.23560000000000417, "denoise_mean": 0.5989258392446556, "denoise_var": 0.21007630194766475}