{"noise_mean": 0.3200000000000029, "noise_var": 0.21760000000000385, "denoise_mean": 0.2497326792660052, "denoise_var": 2.822685647947363e-09}