{"noise_mean": 0.10000000000000121, "noise_var": 0.09000000000000159, "denoise_mean": 0.24167408622047484, "denoise_var": 4.65766113739635e-05}