{"noise_mean": 0.9250000000000103, "noise_var": 0.06937500000000144, "denoise_mean": 0.9240623165822361, "denoise_var": 0.06923421886128127}