{"noise_mean": 0.7250000000000077, "noise_var": 0.19937500000000413, "denoise_mean": 0.7250597308069959, "denoise_var": 0.1990180864200065}