{"noise_mean": 0.6750000000000071, "noise_var": 0.21937500000000448, "denoise_mean": 0.6997908016532919, "denoise_var": 0.20942982146019426}