{"noise_mean": 0.6000000000000064, "noise_var": 0.24000000000000496, "denoise_mean": 0.6200411632186807, "denoise_var": 0.23142599751658852}