{"noise_mean": 0.5250000000000056, "noise_var": 0.24937500000000518, "denoise_mean": 0.5210479605864637, "denoise_var": 0.2431369964656586}