{"Normal fidelity: ": [0.9995051847058949, [0.9996484163814795, 0.9996283424685948, 0.9995234382518564, 0.9994831355261531, 0.9996835092943923, 0.9995640226656672, 0.9993059578229547, 0.9994701279656181, 0.9994702066141069, 0.999359927567809, 0.9994958613181149, 0.9996688977163525, 0.9996631576492473, 0.9996105157529959, 0.9994426897713902, 0.9995734132295617, 0.9994939875236747, 0.9994771526653492, 0.9994216686819118, 0.9994481793133365, 0.9997641267452652, 0.9996075703282556, 0.9992179512180555, 0.9996078018688851, 0.9996522174217439, 0.9993506358969491, 0.999779168170896, 0.9996578673021257, 0.9994505178551858, 0.9995525076236851, 0.9993552339554994, 0.9995899327043997, 0.9996971031035357, 0.9995694066468274, 0.9995716330312314, 0.9995504918296709, 0.9997282038447988, 0.9995896239311651, 0.9994956395945064, 0.999670131209112, 0.9993501870346345, 0.9996409219139304, 0.9994209736647452, 0.9995872225683669, 0.9994542506747836, 0.999615348185189, 0.9994284492385925, 0.9995237538268548, 0.9991438481529553, 0.999464422480569, 0.9993669826129365, 0.999508315315942, 0.999625977450288, 0.999291943810758, 0.9996237256629882, 0.9993707373548619, 0.9996622779127043, 0.9994293121095746, 0.9992835434307258, 0.999365433857995, 0.999657201814853, 0.9994891516554029, 0.9994821895795313, 0.9993435171430468, 0.9996421221122364, 0.9991922454645935, 0.9997334443351057, 0.9992328213667622, 0.9996230008350904, 0.9993067075287981, 0.9993691215184337, 0.9993691009506693, 0.9996310672623566, 0.9993989105943978, 0.9991276376685153, 0.999613589718682, 0.999497328838708, 0.9995050260715257, 0.9997526174457347, 0.9995340553988435, 0.9995357528160818, 0.999655436510128, 0.9995222731400917, 0.9996006365523178, 0.999091583732319, 0.9997261642170164, 0.9994834074134227, 0.999519082532488, 0.9996278655027532, 0.9994537650644583, 0.9994939250945787, 0.9996157231817913, 0.9995000553650322, 0.999496611186542, 0.9993362959264022, 0.9995584511869235, 0.9993948417184174, 0.9994763118179584, 0.9993911437474656, 0.99949028685827]], "Abnormal fidelity: ": [0.15177979353911328, [0.1490185208273469, 0.1668235585442547, 0.13561956198584657, 0.15879708547919652, 0.18268738889295547, 0.13766045509169003, 0.16838816214392613, 0.09784709920623343, 0.12376793587548546, 0.16305161164253523, 0.18591634924077574]], "Normal score: ": [0.6801278561296422, [0.6788325051908255, 0.6747263329103994, 0.6813773621502861, 0.6797578406886098, 0.675514365842137, 0.6816627823983177, 0.6793973596373916, 0.6767577140296974, 0.6813243159046757, 0.6815605617508707, 0.6840882334821284, 0.6786717535078199, 0.6888363419431068, 0.6800104861995844, 0.6731336932150314, 0.6710140289663886, 0.6823090941637809, 0.6746295269326849, 0.6811878203593346, 0.6856026517297652, 0.6805607166459248, 0.6761541235583246, 0.6784160122387833, 0.685482835088796, 0.6807407819103468, 0.686236194579493, 0.6765801269233134, 0.6785445845383713, 0.67932713844093, 0.6863944124903485, 0.6842518327720954, 0.6725997577916272, 0.6851749473258898, 0.6823451333451623, 0.6789412746260703, 0.6755908758772557, 0.6770838906967371, 0.6794745979975716, 0.6865598685286116, 0.6842603688072031]], "Abnormal score: ": [0.16125508904412678, [0.13130070109107678, 0.19918063285265752, 0.23336561534743847, 0.1641493040147417, 0.06772371269225477, 0.18824051850614232, 0.27554757477809844, 0.07786366430538642, 0.11373480801134203, 0.11828209682744341, 0.2044173510588125]]}