{"noise_mean": 0.9695180063433881, "noise_var": 0.00019359980427451274, "denoise_mean": 0.9745253055440999, "denoise_var": 0.00016902991102330536}