{"noise_mean": 0.8791002054686113, "noise_var": 0.004113372568114967, "denoise_mean": 0.9106932577478359, "denoise_var": 0.0035231011793713228}