{"noise_mean": 0.5941265150692012, "noise_var": 0.021558423044184694, "denoise_mean": 0.7076472538271681, "denoise_var": 0.015822801224201766}