{"noise_mean": 0.4642817424024419, "noise_var": 0.029271038615966197, "denoise_mean": 0.5919443277684816, "denoise_var": 0.01619907614047338}