{"noise_mean": 0.7597320889978338, "noise_var": 0.0068574009958942824, "denoise_mean": 0.21260179100266932, "denoise_var": 0.0002623456607863456}