{"noise_mean": 0.6457888063795006, "noise_var": 0.014073324076267935, "denoise_mean": 0.648833084192094, "denoise_var": 0.01317652301361332}