{"noise_mean": 0.48660737973038337, "noise_var": 0.028827689730523524, "denoise_mean": 0.4928771800410625, "denoise_var": 0.02740051894451642}