{"noise_mean": 0.7785776420583652, "noise_var": 0.007140387308524458, "denoise_mean": 0.7829857426402083, "denoise_var": 0.00741919308367699}