{"noise_mean": 0.8864570539800397, "noise_var": 0.0027420012326502315, "denoise_mean": 0.8808846976981557, "denoise_var": 0.002487202631429221}