{"noise_mean": 0.9675897757753488, "noise_var": 0.0001428802754675976, "denoise_mean": 0.9676799773326813, "denoise_var": 0.00014000633763000726}