{"Normal fidelity: ": [0.9993766979629188, [0.9994701483669686, 0.9994133184095174, 0.9993076524677692, 0.9996586481697736, 0.9994982817439462, 0.9995887319299789, 0.9995463160565187, 0.9992578180669415, 0.9993500072224305, 0.999240317034468, 0.9991820077362565, 0.9993245173893712, 0.9992011410108381, 0.998945200760293, 0.9995506885678961, 0.9992688210839329, 0.9994059609677813, 0.9993159522326786, 0.9994864110536283, 0.9988785527096723, 0.9995470231156941, 0.9993773896553815, 0.9994653779842428, 0.9994307718539625, 0.9992617498838418, 0.9995613879300531, 0.9996749451525939, 0.9990521512352175, 0.9993489365525289, 0.9993434313094002, 0.9993897790269746, 0.9994246779668062, 0.9991772224326013, 0.9991850010647663, 0.9994764376043763, 0.9996161513487004, 0.9991444202969451, 0.9994409383838017, 0.999660235033058, 0.9994580365546017, 0.999395790672769, 0.9993160270949334, 0.9993371301499312, 0.9994297079004919, 0.9992974361385053, 0.9991784646509296, 0.9994542387650448, 0.9991663114200965, 0.9994444003587026, 0.999042395758787, 0.9991371693628776, 0.9992767366190617, 0.9994456003415702, 0.9992593186747727, 0.9995231602245805, 0.9993409816006854, 0.9995769407820286, 0.9994033573294001, 0.9990366750156487, 0.999441678493275, 0.9994301346921552, 0.9993696003678205, 0.9996419432597594, 0.9996882840588062, 0.9993699170930445, 0.9992652818307338, 0.9994987801459156, 0.9993371300033009, 0.999121893350771, 0.9995216294545638, 0.9993937298574929, 0.9995695597594098, 0.9995395301573589, 0.9995913920802473, 0.9993894450143312, 0.9994413040056589, 0.9994515978587988, 0.9994458018469617, 0.9994320231824307, 0.9993458014847308, 0.9994325313487197, 0.9990197267476236, 0.9992635019829326, 0.9997069676141354, 0.9996280512015784, 0.9993076819304937, 0.9994076621397779, 0.9993685293161998, 0.9995848448787786, 0.9996209786468517, 0.999449795601769, 0.9994614429254608, 0.9991704863669821, 0.9995984920051736, 0.9993260331264786, 0.9986528771785281, 0.999512765450967, 0.9992015029074247, 0.9993934839066734, 0.9992875827907497]], "Abnormal fidelity: ": [0.13695570325590065, [0.15292428452784348, 0.11073758297071788, 0.1633891535668272, 0.1736588184948979, 0.1970755798897218, 0.17301711631286476, 0.17049319319533032, 0.09036702863944918, 0.18987825646508846, 0.09294215216336711, 0.13037299189465024, 0.10206368465363796, 0.03997902808724842, 0.19141046315495877, 0.18825798908546695, 0.07076605763953259, 0.16052748396260585, 0.1923366120628074, 0.15034033879720873, 0.12490118091842176, 0.17757346880402683, 0.11785993822650088, 0.14316361383065823, 0.08286922298798106, 0.18577772191314063, 0.1490623975020535, 0.19866992462870395, 0.07773676531547441, 0.12228365861935825, 0.08887701818024511, 0.15741959497529917, 0.1514955349206586, 0.11015507960436285, 0.0904048409049944, 0.16585945411107286, 0.09848789793060873, 0.08422589153053833]], "Normal score: ": [0.25816360803461486, [0.25965580090283413, 0.257336995232464, 0.2615153582592882, 0.2594215806013579, 0.25761172366488605, 0.2559154671212841, 0.2580310563518896, 0.2594780661135389, 0.26082266894796524, 0.2562986079627555, 0.2592628889043682, 0.25803576994233834, 0.2624273791276085, 0.2551241811862162, 0.2563466060543285, 0.26245646356268065, 0.2576989011319152, 0.26494276568907427, 0.25771869479314524, 0.25546644871084623, 0.2569862620448489, 0.2596481393467762, 0.25910865329679467, 0.2563719584847176, 0.25682039343374463, 0.25650978678878467, 0.2626473907509915, 0.2538934069892534, 0.25713936743753263, 0.2553044591233396, 0.2588054057069479, 0.2534216494039728, 0.2604323741715596, 0.25887703799550044, 0.2563397533290036, 0.25949032768899954, 0.25887053416477157, 0.257362867224306, 0.2577087182987351, 0.25523841144322845]], "Abnormal score: ": [0.09305002943043893, [0.11183324675044817, 0.1357479444415831, 0.11509121896581115, 0.08595613742288356, 0.08650263124483942, 0.07039730992435889, 0.08000323905740953, 0.0662908269466826, 0.09983242008842633, 0.07450621132806079, 0.09760636021818385, 0.1102368689203552, 0.08066967375210041, 0.11504851408797229, 0.1283286681886668, 0.09197162915924717, 0.10442535912475864, 0.06607866661625789, 0.09267256552435787, 0.07645715097879646, 0.09009639830916816, 0.1125684636972229, 0.08111952532655509, 0.05807464823369603, 0.12790997678673638, 0.08696158907155462, 0.10486661658557961, 0.08327212896021821, 0.09315098950709542, 0.09517978354982222, 0.06890483178030218, 0.09669743251103556, 0.09879140346555249, 0.08840020532514077, 0.09664385885094409, 0.08782802467513019, 0.08272856954928574]]}