{"Normal fidelity: ": [0.999716411739457, [0.9996791383507433, 0.9997843597735866, 0.9996795705801119, 0.9996389416548374, 0.9998578463321178, 0.9998581548330739, 0.9997337769774254, 0.9995534162673687, 0.999877179144123, 0.9998352283903721, 0.9996740851125608, 0.9998164202592046, 0.9997020464446675, 0.9998083952788513, 0.9996621331289554, 0.9996085900321954, 0.9997699011882845, 0.9998649045142178, 0.9996629642609787, 0.9998135203316767, 0.9994028438437448, 0.9998813164949989, 0.9996940223470833, 0.9997437376228483, 0.9996043220225674, 0.9998512320020791, 0.9998040414251994, 0.9997528975889722, 0.9996484385083061, 0.9996900010096754, 0.9999272445120443, 0.9998230052014832, 0.9998748173858804, 0.9995394587279173, 0.9997274429017661, 0.9995586424526692, 0.9996035190740122, 0.9995469728072193, 0.9996639037524018, 0.9995990772197185, 0.9996533522708562, 0.9995191310197803, 0.999857006547276, 0.9998829733623122, 0.9995985222107775, 0.9996722742139761, 0.9998247220175832, 0.9996274170341052, 0.9997080632235357, 0.9998867385780424, 0.9999200370278615, 0.999735530148341, 0.9994483687867923, 0.9994103191396037, 0.9996780167447695, 0.999907502384088, 0.999601999505616, 0.9997180095816823, 0.9996154412011181, 0.999766015883619, 0.9998899001459121, 0.9998599727776719, 0.9998175527844853, 0.9998206586548223, 0.9995520621485344, 0.9998275549352174, 0.9995799722187251, 0.9996635641555147, 0.9995812834235958, 0.9994665557804089, 0.9997136383024222, 0.9997682046730676, 0.9995455730891262, 0.9998156834703299, 0.999344179974111, 0.9997533372705075, 0.9997953938702631, 0.9998863330956221, 0.9997048635349618, 0.9997479859163606, 0.999842602874094, 0.9996649093319516, 0.9996474511239994, 0.9996659006881359, 0.9998038027301449, 0.9997588292818826, 0.9997358500760833, 0.9994502604214845, 0.9998431760307228, 0.9997494106644552, 0.9997738179376238, 0.999515799673002, 0.9997326915569789, 0.9997415125344694, 0.9997405339641869, 0.9996299736920599, 0.9998881984886437, 0.9998167609352657, 0.9998596028593005, 0.9997968682218702]], "Abnormal fidelity: ": [0.1418044902807484, [0.1815052810832403, 0.13589844998247533, 0.0858213463124511, 0.13172351070836402, 0.0966977405798484, 0.17952614937623199, 0.18935713701891382, 0.14023055180177357, 0.18381877227198934, 0.18311864334708167, 0.16099515786740584, 0.10779276341206197, 0.12391061006972286, 0.13945278157856408, 0.19180221016869267, 0.142135499322307, 0.14859330170873586, 0.12458661095227357, 0.13423296339099902, 0.1547652900038948, 0.12804746038776557, 0.15711018091770101, 0.16300792162836641, 0.16727637582254154, 0.14676630891097692, 0.14402137698839054, 0.18332271086465132, 0.04055827342106242, 0.14903621648818294, 0.1812294550585824, 0.129268813787257, 0.1984247303766422, 0.1809930255386359, 0.1227236493012963, 0.1986062074261298, 0.11966482154063263, 0.18796323799837525, 0.07167478625606158, 0.08663923079046934, 0.08321797593737791, 0.18332609245023426, 0.14924095904322796, 0.18015127185420826, 0.12643579994439696, 0.08961909026243962, 0.10792692488369199, 0.14419651242179646, 0.13774686939559974, 0.06902774238706903, 0.12703572099662963]], "Normal score: ": [0.9819967705810372, [0.9792532721162421, 0.9828241398889026, 0.9811736979874817, 0.9806660038489186, 0.9825263032576603, 0.9826336795095585, 0.9830146703857486, 0.9819771119753444, 0.9812967824886034, 0.9842328455279628, 0.977700810483548, 0.9823104415000887, 0.9826690464201999, 0.9807683021912157, 0.983446608160429, 0.981888241211087, 0.9816487529109899, 0.9817914714661187, 0.9805760454643138, 0.9789037638554784, 0.9812987480827291, 0.9821618919461599, 0.9830473271697218, 0.9823978169109476, 0.9793110566882637, 0.9851465051628523, 0.9804608054643386, 0.9807612952468598, 0.9815259360195162, 0.9827497663254134, 0.9810641111143055, 0.9851481628799708, 0.9827372214307095, 0.9816611230056113, 0.9826753218265276, 0.9823993164884666, 0.9837735465232329, 0.9839453009755363, 0.9833517008496448, 0.98295187848079]], "Abnormal score: ": [0.1944988238923119, [0.11936698874280369, 0.26166597450106754, 0.016125738605445545, 0.04669624637710272, 0.32909728706218383, 0.11207143238978808, 0.09798085976632158, 0.09297739355516482, 0.13361361781245712, 0.1994396571896342, 0.2694010551209628, 0.08457105874588014, 0.1608934383773603, 0.06361761868731719, 0.18240831163281515, 0.08519977453314898, 0.16792197775607579, 0.09830983054178946, 0.044148206224461965, 0.08929242082042368, 0.3921580217858307, 0.16336422871299114, 0.1162659011915321, 0.05131244634501429, 0.5164879077743274, 0.25859403847831214, 0.44656534872353504, 0.3006725815851933, 0.08854194729200784, 0.11481884273315664, 0.23004986220799456, 0.31085544794304476, 0.10919122262405358, 0.538814759439508, 0.13645981339495902, 0.21110481283007065, 0.30875712427265056, 0.5277790117378878, 0.08596118686104812, 0.2173995613171542]]}