{"noise_mean": 0.6565353557100301, "noise_var": 0.018694283431427573, "denoise_mean": 0.754114380917636, "denoise_var": 0.013336052112924556}