{"noise_mean": 0.8860694207891077, "noise_var": 0.0018410117595209032, "denoise_mean": 0.9152256478353215, "denoise_var": 0.0008229449891631011}