{"noise_mean": 0.46416691263346094, "noise_var": 0.023031782324699025, "denoise_mean": 0.5819688328207676, "denoise_var": 0.016761384527384026}