{"noise_mean": 0.7618551371735844, "noise_var": 0.009734742916245827, "denoise_mean": 0.8244344131454834, "denoise_var": 0.004636238559173823}