{"noise_mean": 0.9699273845484673, "noise_var": 0.00014226099199983634, "denoise_mean": 0.9760066437445264, "denoise_var": 0.00011214829377713434}