{"noise_mean": 0.8000000000000093, "noise_var": 0.16000000000000342, "denoise_mean": 0.8327341047932509, "denoise_var": 0.1207510611007358}