{"noise_mean": 0.44000000000000483, "noise_var": 0.2464000000000053, "denoise_mean": 0.585312344597169, "denoise_var": 0.18616159595713364}