{"noise_mean": 0.3000000000000033, "noise_var": 0.2100000000000045, "denoise_mean": 0.4763901978959413, "denoise_var": 0.22235807552899714}