{"noise_mean": 0.16000000000000184, "noise_var": 0.13440000000000288, "denoise_mean": 3.624554774689693e-08, "denoise_var": 2.8807545909906106e-16}