{"noise_mean": 0.06000000000000108, "noise_var": 0.056400000000001206, "denoise_mean": 0.24860631709312475, "denoise_var": 1.6394911034070518e-06}