{"noise_mean": 0.6600000000000071, "noise_var": 0.2244000000000046, "denoise_mean": 0.785150859500243, "denoise_var": 0.1431671064052403}