{"noise_mean": 0.4800000000000051, "noise_var": 0.24960000000000512, "denoise_mean": 0.7162600527855484, "denoise_var": 0.19498203421178098}