{"noise_mean": 0.3000000000000033, "noise_var": 0.21000000000000427, "denoise_mean": 0.5191004088725264, "denoise_var": 0.14693452602207888}