{"noise_mean": 0.14000000000000157, "noise_var": 0.12040000000000246, "denoise_mean": 3.651552295967781e-05, "denoise_var": 7.582705492668534e-10}