{"noise_mean": 0.1600000000000018, "noise_var": 0.1344000000000028, "denoise_mean": 0.09182817629726085, "denoise_var": 0.009750086131726957}