{"noise_mean": 0.9250000000000103, "noise_var": 0.06937500000000144, "denoise_mean": 0.9235451792745593, "denoise_var": 0.06915694819815629}