{"noise_mean": 0.8750000000000095, "noise_var": 0.10937500000000225, "denoise_mean": 0.8749765612490006, "denoise_var": 0.10936860184108585}