{"noise_mean": 0.42500000000000454, "noise_var": 0.24437500000000503, "denoise_mean": 0.4350673781303758, "denoise_var": 0.2385380339509906}