{"noise_mean": 0.9000000000000001, "noise_var": 0.09000000000000005, "denoise_mean": 0.2412040750778977, "denoise_var": 0.0015874202861763242}