{"noise_mean": 0.9500000000000106, "noise_var": 0.047500000000000986, "denoise_mean": 0.24366760366569026, "denoise_var": 0.001498130448744171}