{"noise_mean": 0.8500000000000092, "noise_var": 0.12750000000000264, "denoise_mean": 0.23097709310802736, "denoise_var": 0.004295299448254075}