{"noise_mean": 0.750000000000008, "noise_var": 0.18750000000000389, "denoise_mean": 0.21861743110098492, "denoise_var": 0.0066963151972394604}