{"noise_mean": 0.7250000000000077, "noise_var": 0.19937500000000413, "denoise_mean": 0.7982538768298435, "denoise_var": 0.1573115710968524}