{"noise_mean": 0.8200000000000094, "noise_var": 0.14760000000000303, "denoise_mean": 0.819641948997835, "denoise_var": 0.1466783012616331}