{"noise_mean": 0.40000000000000424, "noise_var": 0.24000000000000493, "denoise_mean": 0.5170419628295946, "denoise_var": 0.19388590663241934}