{"noise_mean": 0.24000000000000274, "noise_var": 0.18240000000000378, "denoise_mean": 0.3393438216379654, "denoise_var": 0.2235315649861301}