{"noise_mean": 0.18000000000000205, "noise_var": 0.14760000000000303, "denoise_mean": 0.25345052302027665, "denoise_var": 0.12120889196320012}