{"noise_mean": 0.1200000000000015, "noise_var": 0.10560000000000215, "denoise_mean": 0.11365389028664756, "denoise_var": 0.014341093896342014}