{"noise_mean": 0.8750000000000095, "noise_var": 0.10937500000000222, "denoise_mean": 0.8745719872901734, "denoise_var": 0.10926778570177224}