{"noise_mean": 0.7750000000000082, "noise_var": 0.17437500000000355, "denoise_mean": 0.7594526311742941, "denoise_var": 0.16743025645183857}