{"noise_mean": 0.7000000000000075, "noise_var": 0.21000000000000432, "denoise_mean": 0.6965686738288388, "denoise_var": 0.18322951996396358}