{"noise_mean": 0.6250000000000067, "noise_var": 0.23437500000000483, "denoise_mean": 0.6351369215758804, "denoise_var": 0.216951328502014}