{"noise_mean": 0.5750000000000062, "noise_var": 0.24437500000000503, "denoise_mean": 0.5697710339487473, "denoise_var": 0.2395147103298756}