{"noise_mean": 0.7688243053022263, "noise_var": 0.007006231428519435, "denoise_mean": 0.8183539164200114, "denoise_var": 0.005818922552105413}