{"noise_mean": 0.9717022967511189, "noise_var": 0.00010921348665968923, "denoise_mean": 0.9774079544572964, "denoise_var": 6.0609270617326225e-05}