{"noise_mean": 0.6396184236452442, "noise_var": 0.01397380930901159, "denoise_mean": 0.7094655766269159, "denoise_var": 0.007800111153428669}