{"noise_mean": 0.8763255906778151, "noise_var": 0.0021589004208296633, "denoise_mean": 0.9053887013117842, "denoise_var": 0.0014992794582208804}