{"noise_mean": 0.5061901512079773, "noise_var": 0.03348759472787611, "denoise_mean": 0.613616661447756, "denoise_var": 0.02041761624290701}