{"noise_mean": 0.8924110901530379, "noise_var": 0.0017992637402135913, "denoise_mean": 0.9136845273410065, "denoise_var": 0.001525554308644889}