{"noise_mean": 0.9698205716711531, "noise_var": 0.0002489881882695141, "denoise_mean": 0.9770963944673503, "denoise_var": 0.00016063618524683846}