{"noise_mean": 0.7684471420457073, "noise_var": 0.005575509507281005, "denoise_mean": 0.8215347855690848, "denoise_var": 0.004513613602479771}