{"noise_mean": 0.5964758319955004, "noise_var": 0.02751031039606795, "denoise_mean": 0.6733269889092298, "denoise_var": 0.018548386337661527}