{"noise_mean": 0.503893061916649, "noise_var": 0.022353878173157402, "denoise_mean": 0.6201770350621093, "denoise_var": 0.011871215758236995}