{"noise_mean": 0.7000000000000077, "noise_var": 0.21000000000000432, "denoise_mean": 0.9150375704027095, "denoise_var": 0.07165988631865845}