{"noise_mean": 0.5800000000000062, "noise_var": 0.24360000000000503, "denoise_mean": 0.6283885093698391, "denoise_var": 0.2227950142278939}