{"noise_mean": 0.4200000000000045, "noise_var": 0.24360000000000498, "denoise_mean": 0.6999464139862053, "denoise_var": 0.2099498947602435}