{"noise_mean": 0.20000000000000231, "noise_var": 0.16000000000000328, "denoise_mean": 0.543603670015295, "denoise_var": 0.14486907071485855}