{"noise_mean": 0.14000000000000168, "noise_var": 0.12040000000000248, "denoise_mean": 0.42084079849262496, "denoise_var": 0.2216208551374328}