{"noise_mean": 0.990000000000066, "noise_var": 0.009900000000001291, "denoise_mean": 0.9994620052310413, "denoise_var": 0.0}