{"noise_mean": 0.9600000000000639, "noise_var": 0.038400000000005007, "denoise_mean": 0.9887173740081222, "denoise_var": 0.0}