{"noise_mean": 0.9200000000000611, "noise_var": 0.0736000000000096, "denoise_mean": 0.9736751235810045, "denoise_var": 0.0}