{"noise_mean": 0.9500000000000632, "noise_var": 0.0475000000000062, "denoise_mean": 0.9934664766837031, "denoise_var": 0.0}