{"noise_mean": 0.9300000000000618, "noise_var": 0.06510000000000851, "denoise_mean": 0.9922002016399877, "denoise_var": 0.0}