{"noise_mean": 0.9200000000000611, "noise_var": 0.07360000000000964, "denoise_mean": 0.9910611386270469, "denoise_var": 0.0}