{"noise_mean": 0.8800000000000583, "noise_var": 0.10560000000001377, "denoise_mean": 0.9892956824015896, "denoise_var": 0.0}