{"noise_mean": 0.7266136292358095, "noise_var": 0.007335402599215893, "denoise_mean": 0.72885864117101, "denoise_var": 0.0073945701046276655}