{"noise_mean": 0.5363352703440459, "noise_var": 0.025925392079423043, "denoise_mean": 0.5419432198762313, "denoise_var": 0.024650636903206787}