{"noise_mean": 0.8843127323663673, "noise_var": 0.003052649406570252, "denoise_mean": 0.8914938152142204, "denoise_var": 0.0028012338413348765}