{"noise_mean": 0.9686032648596405, "noise_var": 0.00022480178711232362, "denoise_mean": 0.9686807450970626, "denoise_var": 0.00020712070587908718}