{"noise_mean": 0.6173451761668907, "noise_var": 0.021320540804339237, "denoise_mean": 0.647929997093167, "denoise_var": 0.01820648112077167}