{"noise_mean": 0.9706908292391012, "noise_var": 0.00018396780712620728, "denoise_mean": 0.9759473897171137, "denoise_var": 0.00011799722555609556}