{"noise_mean": 0.8875694135534955, "noise_var": 0.002335936211347184, "denoise_mean": 0.9051510422294479, "denoise_var": 0.0017460620377388928}