{"noise_mean": 0.4362624926582393, "noise_var": 0.021027138011850872, "denoise_mean": 0.5721991922322783, "denoise_var": 0.017358723150666534}