{"noise_mean": 0.756133293502995, "noise_var": 0.0070123046935252785, "denoise_mean": 0.824964571138801, "denoise_var": 0.004061572366577597}