{"noise_mean": 0.6298897870401852, "noise_var": 0.01075947677990444, "denoise_mean": 0.7485043703560252, "denoise_var": 0.009203488931013932}