{"noise_mean": 0.7400000000000082, "noise_var": 0.19240000000000393, "denoise_mean": 0.7684369221816354, "denoise_var": 0.10647741246219593}