{"noise_mean": 0.44000000000000467, "noise_var": 0.2464000000000051, "denoise_mean": 0.19087079420694256, "denoise_var": 0.009412714121820705}