{"noise_mean": 0.40000000000000424, "noise_var": 0.2400000000000049, "denoise_mean": 0.249916531890012, "denoise_var": 7.472055522927874e-10}