{"noise_mean": 0.2800000000000031, "noise_var": 0.20160000000000416, "denoise_mean": 0.5322240498428007, "denoise_var": 0.13524412320062948}