{"noise_mean": 0.10000000000000135, "noise_var": 0.09000000000000184, "denoise_mean": 0.00024525966613674294, "denoise_var": 5.8900601417953003e-08}