{"noise_mean": 0.8000000000000108, "noise_var": 0.16000000000000386, "denoise_mean": 0.8540891906738622, "denoise_var": 0.10580388543410546}