{"noise_mean": 0.48000000000000625, "noise_var": 0.24960000000000598, "denoise_mean": 0.7536484810545625, "denoise_var": 0.13691578407054444}