{"noise_mean": 0.3600000000000047, "noise_var": 0.23040000000000554, "denoise_mean": 0.5128544323751022, "denoise_var": 0.1820755692920406}