{"noise_mean": 0.3000000000000038, "noise_var": 0.21000000000000504, "denoise_mean": 0.14500712162523027, "denoise_var": 0.008509485314783181}