{"noise_mean": 0.06000000000000114, "noise_var": 0.05640000000000134, "denoise_mean": 0.24707618013133856, "denoise_var": 9.071065222558845e-08}