{"noise_mean": 0.9000000000002206, "noise_var": 0.09000000000004402, "denoise_mean": 0.8587150274129602, "denoise_var": 0.08101552184079674}