{"noise_mean": 0.9500000000000108, "noise_var": 0.04750000000000101, "denoise_mean": 0.9115444315047767, "denoise_var": 0.04046518260492139}