{"noise_mean": 0.8500000000000094, "noise_var": 0.12750000000000272, "denoise_mean": 0.8124282177814853, "denoise_var": 0.1159992784882286}