{"noise_mean": 0.7000000000000075, "noise_var": 0.2100000000000045, "denoise_mean": 0.7415493183929415, "denoise_var": 0.17494482310617293}