{"noise_mean": 0.5750000000000063, "noise_var": 0.2443750000000052, "denoise_mean": 0.5329355850761912, "denoise_var": 0.2009875183676701}