{"noise_mean": 0.6000000000000065, "noise_var": 0.2400000000000051, "denoise_mean": 0.6475972322273739, "denoise_var": 0.2056960445246317}