{"noise_mean": 0.8830294494211163, "noise_var": 0.003342066420324593, "denoise_mean": 0.9074941696933873, "denoise_var": 0.001758483996542894}