{"noise_mean": 0.5040080266573951, "noise_var": 0.015156397373738811, "denoise_mean": 0.6263567845565248, "denoise_var": 0.012317813261990006}