{"noise_mean": 0.7812012548712975, "noise_var": 0.010469836633184057, "denoise_mean": 0.81836751743669, "denoise_var": 0.00781521227237032}