{"noise_mean": 0.973655073477196, "noise_var": 0.0001469808168640614, "denoise_mean": 0.9773697880541444, "denoise_var": 0.00011583208638402064}