{"noise_mean": 0.6355540172483419, "noise_var": 0.019386281151493535, "denoise_mean": 0.7300513778760673, "denoise_var": 0.016681071367737985}