{"noise_mean": 0.7000000000000078, "noise_var": 0.2100000000000045, "denoise_mean": 0.6967629242634227, "denoise_var": 0.2080172612818685}