{"noise_mean": 0.6800000000000075, "noise_var": 0.21760000000000468, "denoise_mean": 0.6818561267169162, "denoise_var": 0.21427606674741914}