{"noise_mean": 0.36000000000000393, "noise_var": 0.23040000000000493, "denoise_mean": 0.49969909165782184, "denoise_var": 0.2495736460509994}