{"noise_mean": 0.26000000000000295, "noise_var": 0.19240000000000418, "denoise_mean": 0.4098172657493832, "denoise_var": 0.22181586929919345}