{"noise_mean": 0.08000000000000128, "noise_var": 0.07360000000000158, "denoise_mean": 9.711019422677759e-10, "denoise_var": 4.429178272683238e-19}