{"Normal fidelity: ": [0.9995625618583839, [0.9996316997379745, 0.9994007687757693, 0.9993585203532109, 0.9994641954020266, 0.9996185071584837, 0.9992284833745043, 0.9995938154178224, 0.9996321521038332, 0.9995954603205655, 0.9997163913586751, 0.9993629975474894, 0.9993940876800013, 0.9997200221411527, 0.9989889693533431, 0.9994492586305258, 0.9996554040829725, 0.9995527807162256, 0.9996620656575954, 0.9996213284699516, 0.9996817867066774, 0.9995750536980476, 0.9996790510309529, 0.9994884524697264, 0.9997684617725789, 0.9993877809619555, 0.9995263356059703, 0.9995915076141652, 0.9997735636160344, 0.9996037168135025, 0.9997916426081997, 0.9997322991800125, 0.9993195498011995, 0.9996938664583379, 0.9995023290618841, 0.9995179844339454, 0.9997594897326952, 0.9994987658552869, 0.9993913442585179, 0.9992723542643103, 0.9995896462244436, 0.9994805080032462, 0.999550342197856, 0.9997575471283248, 0.999721093151886, 0.9993382670176085, 0.9996169317198849, 0.99949607493271, 0.9995538656200301, 0.9997161920283092, 0.9998492952543614, 0.9995921893785237, 0.999694901917838, 0.9997726305598843, 0.9995748695844853, 0.9995311116437985, 0.9997622775929549, 0.9995042833296928, 0.9995911020713976, 0.9995407761593118, 0.9994961837107508, 0.9996250995521553, 0.9995108219502162, 0.9995721212236032, 0.9995711547789204, 0.9993877286437536, 0.9994842326328031, 0.999482283670732, 0.9994823140642125, 0.9995691332382497, 0.9996752192839857, 0.9996154402507202, 0.9993666649468851, 0.9996764144682552, 0.9993653361161211, 0.9996143176675848, 0.9997637052047881, 0.9996220280234934, 0.9997009648477311, 0.9994635644967245, 0.9995251062266889, 0.9995399484199077, 0.9996984571125362, 0.9995250849881463, 0.9994238971820049, 0.9994812990030909, 0.9997373899926294, 0.9994081457764044, 0.9992662437733836, 0.9996668602580712, 0.9997503077332331, 0.999659137087252, 0.9998112274855927, 0.9995642782716168, 0.9995877264592795, 0.99979564048279, 0.9996834187934887, 0.9994164959454461, 0.9994583645561844, 0.9993176408236575, 0.9994586369526243]], "Abnormal fidelity: ": [0.16530291601027242, [0.18294868846566964, 0.14140254491867907, 0.197606205172573, 0.19001859754151204, 0.1985150290968153, 0.16643610977433904, 0.05039313708028687, 0.19874309895468437, 0.13602024522718725, 0.16108557169828736, 0.1951628481829629]], "Normal score: ": [0.514633075365922, [0.5153763992205994, 0.5154759969113027, 0.5135155255500498, 0.5192428640620393, 0.5185347888916977, 0.5119402526120359, 0.5160667984212077, 0.5127755386259355, 0.5189208030344085, 0.51461599554481, 0.5165184827981424, 0.513080805587493, 0.5227164578052315, 0.5078482002999328, 0.5103645734290971, 0.5121982239936843, 0.5052301944075142, 0.5146048537452547, 0.5099106060226611, 0.5143799965975225, 0.5092588816953766, 0.5240284915855327, 0.5146965048609251, 0.5138784305070067, 0.5166070304461923, 0.5100494540536606, 0.5108384587403438, 0.5212094214626931, 0.517722391185614, 0.5041670038350102, 0.5129098815513478, 0.5097346662112215, 0.515390345810333, 0.5205289401400559, 0.5155686254792433, 0.5205171073935932, 0.5166651696479755, 0.5152034835355664, 0.5177030838830665, 0.5153282850514967]], "Abnormal score: ": [0.14319813314846147, [0.08242442851265963, 0.0874370666962058, 0.1901622736308472, 0.11173966884682428, 0.36395588219976616, 0.20528115210538928, 0.014069331834169252, 0.15473792580624451, 0.12760728121708437, 0.18913934226583207, 0.048625111518053515]]}