{"Normal fidelity: ": [0.9995881714316793, [0.9997731398874546, 0.9993272709189956, 0.9995669092543006, 0.9994942130735269, 0.9998008729884663, 0.9995885740232588, 0.9994184649135227, 0.9997381316704554, 0.9998141371817404, 0.9994292191783525, 0.9996185006367201, 0.9997520107773533, 0.999712229761638, 0.9997966726817455, 0.9996995083946525, 0.9993452557882804, 0.9994180916534378, 0.9994719385633001, 0.999722311349446, 0.9996763889277174, 0.9994338639002331, 0.9996189700544365, 0.9996590384854297, 0.9997918740637769, 0.9992868618460747, 0.9996253573822756, 0.9993321992490783, 0.9995010803582072, 0.9995751881468201, 0.9994045153270217, 0.9997280388839669, 0.999578118883083, 0.9997381381145194, 0.9995527580269119, 0.9997893967211307, 0.9995629180528393, 0.9995961463663042, 0.9996798387686027, 0.9995031890886024, 0.9996395084927956, 0.999715626873317, 0.999429098414529, 0.9995778334222005, 0.9996282577238539, 0.999656931455174, 0.9994707041136566, 0.9997956394213174, 0.9995758499670386, 0.9995675099260394, 0.999707341117374, 0.9994038869972859, 0.9994038595487283, 0.9996395782292109, 0.99949611844273, 0.9995499242196612, 0.9995062427070089, 0.9995597327064286, 0.9997141740470541, 0.9995396746769823, 0.9993279003976632, 0.9996722714524023, 0.9995560303405465, 0.9997360648994016, 0.9996059175223219, 0.9996996659815228, 0.9997092564460182, 0.9994895829833905, 0.9996963776842692, 0.9997510831501574, 0.999664575896934, 0.9996041216603554, 0.9998078021304061, 0.9996327260983067, 0.999777055066018, 0.9995342840461668, 0.9997317391765398, 0.9996684706126532, 0.9995884307211387, 0.9997816756148572, 0.9995278666249167, 0.9997084153076017, 0.9995592935151848, 0.9996249337302, 0.9994321803889699, 0.9994121640260155, 0.9994221841665072, 0.999462747851068, 0.99966399453314, 0.9995467798719527, 0.9996254757776565, 0.9995497252602543, 0.9996413865559418, 0.9995834021872425, 0.9995805170660896, 0.9997374136600546, 0.9995041213505, 0.9996658854914886, 0.9993425624351291, 0.9994980859906467, 0.9989941496502296]], "Abnormal fidelity: ": [0.15285131518833037, [0.07596000117970064, 0.18837558399835852, 0.19739053158668687, 0.12312260546001431, 0.17180413574930184, 0.12455936684488388, 0.17021235639448026, 0.12188064546530429, 0.11795969538972778, 0.19876286189643416, 0.15168004099499147, 0.1714042961375309, 0.12064964314571834, 0.14767652424323294, 0.057764099940401166, 0.14301641917992433, 0.16161766466464106, 0.19653979880777453, 0.19804263965844657, 0.19536038581443224, 0.1793535835086526, 0.12381575536885726, 0.13443598552142452, 0.16983468870294205, 0.10788999099236343, 0.1788704876011681, 0.12152718642663624, 0.16724930998508994, 0.18834562906240304, 0.17727926044231, 0.19910044790055714, 0.15332918005105875, 0.1818884409392816, 0.1854593406789911, 0.19467289128722942, 0.1676147721136574, 0.1615109757626434, 0.153595759662705, 0.1838699735428619, 0.13484569253677453, 0.14429538856013951, 0.1314367444053485, 0.1004737520739944, 0.19080404479177698, 0.15456889150406694, 0.11307771424067346, 0.13384118635485623, 0.10036035923661264, 0.0782757063413721, 0.17296618628749266, 0.12045367032708616, 0.13634806672900054, 0.10993119549149437, 0.152480236072844, 0.12512847020493986, 0.1812695158161483, 0.17876428084177978, 0.18662424347130765, 0.17088359281125828, 0.16923953952178483, 0.07913642870314705, 0.16161606828938493, 0.10636189585519379, 0.1143877683357778, 0.15304632695665882, 0.1731305720302635, 0.17155803981174614, 0.18631980141178164, 0.19897873122030252, 0.137382020409421, 0.14505415644789918, 0.1523702153430359, 0.18339461557276818, 0.17160343299686948, 0.19797629203157302, 0.1368673591930999, 0.12432467072120852, 0.17263701296296904, 0.1994413989716332, 0.10363220559563602, 0.15422893737141852, 0.11371740963767375, 0.1511708792802489, 0.12401008500748713, 0.1552792544114313, 0.1605313603104365, 0.13821717549972584, 0.1910698707384576, 0.1968316329205837]], "Normal score: ": [0.9795721060254505, [0.9791627364508246, 0.9800836957703829, 0.9797025866641051, 0.98021370204835, 0.9800121569247708, 0.9804100434290578, 0.9805120530751541, 0.9785594881922024, 0.9797610814810148, 0.9823222582896217, 0.9793762179105763, 0.9776071782291536, 0.978075900142249, 0.979525853217314, 0.9811881695424232, 0.9794765160677092, 0.9823147657521325, 0.977334581535815, 0.9808067544655801, 0.9795843990001674, 0.9806124286653571, 0.9779688858720204, 0.979806176686042, 0.9779849516643542, 0.9803528408339244, 0.9789825958571461, 0.9771863609596196, 0.9789532409708055, 0.9785222673533625, 0.9808172432996332, 0.9785621849884106, 0.9796052875422006, 0.9795057011459181, 0.9784958710355751, 0.9802285483833016, 0.9805974144232446, 0.979903930904151, 0.9795546129753725, 0.9789125976348292, 0.9803009616341487]], "Abnormal score: ": [0.1304351629646225, [0.03769125244519399, 0.1507848111830676, 0.14554267052989742, 0.1683246802037803, 0.11309296458984992, 0.06886260538202968, 0.0939990362108627, 0.11307573007903271, 0.08500838082935802, 0.11420074408994046, 0.15768644532005058, 0.11192645134277687, 0.086423921445028, 0.23601067469669915, 0.022538200739143997, 0.11273478552443157, 0.135407988598019, 0.13126034432087802, 0.13805675199373202, 0.25491120277707774, 0.11982890095283535, 0.11409194397702997, 0.11378207339665014, 0.11408545168857928, 0.1463615675842313, 0.14286390614604672, 0.09560488471710196, 0.07064254713267, 0.14301128921408068, 0.11769523123590095, 0.17179512155445387, 0.16455798764101398, 0.19626540557788286, 0.14555335221490961, 0.10018026471261435, 0.19532992798051715, 0.18227972925746505, 0.18017161131961668, 0.13066111735888059, 0.09510456262156852]]}