{"noise_mean": 0.8800000000000091, "noise_var": 0.10560000000000205, "denoise_mean": 0.9000030856010216, "denoise_var": 0.07742683306845317}