{"noise_mean": 0.8500000000000086, "noise_var": 0.12750000000000253, "denoise_mean": 0.9006285109066877, "denoise_var": 0.07538034735358966}