{"noise_mean": 0.7000000000000065, "noise_var": 0.21000000000000407, "denoise_mean": 0.7736238829149588, "denoise_var": 0.13733608825618038}