{"noise_mean": 0.6900000000000064, "noise_var": 0.21390000000000423, "denoise_mean": 0.778885874907961, "denoise_var": 0.1399910194479272}