{"noise_mean": 0.5000000000000047, "noise_var": 0.25000000000000483, "denoise_mean": 0.6283980946815564, "denoise_var": 0.21050067893311314}