{"noise_mean": 1.0000000000000133, "noise_var": 1.9721522630525295e-31, "denoise_mean": 0.9999999955902648, "denoise_var": 4.930380657631324e-32}