{"noise_mean": 0.9250000000000105, "noise_var": 0.06937500000000148, "denoise_mean": 0.7158313663980216, "denoise_var": 0.04135682985162931}