{"noise_mean": 0.8500000000000094, "noise_var": 0.12750000000000275, "denoise_mean": 0.8733692238382078, "denoise_var": 0.0958130060397477}