{"noise_mean": 0.7750000000000083, "noise_var": 0.1743750000000037, "denoise_mean": 0.7790381466857379, "denoise_var": 0.15462819826187096}