{"noise_mean": 0.6250000000000068, "noise_var": 0.23437500000000502, "denoise_mean": 0.4844571226784282, "denoise_var": 0.1362439005556441}