{"noise_mean": 0.4500000000000049, "noise_var": 0.2475000000000053, "denoise_mean": 0.4385070507036081, "denoise_var": 0.19668809002933307}